{
    "status": "success",
    "model": "Multinomial Logistic Regression",
    "threshold": 0.02,
    "rows": 1564,
    "cv_accuracy_mean": 0.8192307692307692,
    "cv_accuracy_std": 0.06361868654810872,
    "cv_mcc_mean": 0.7144685374814576,
    "cv_balanced_accuracy_mean": 0.7925631390827773,
    "cv_macro_f1_mean": 0.8110148558962059,
    "last_fold_accuracy": 0.8576923076923076,
    "last_fold_mcc": 0.7873856867511412,
    "report_last_fold": {
        "down": {
            "precision": 0.8314606741573034,
            "recall": 0.891566265060241,
            "f1-score": 0.8604651162790697,
            "support": 83.0
        },
        "neutral": {
            "precision": 0.8214285714285714,
            "recall": 0.7582417582417582,
            "f1-score": 0.7885714285714286,
            "support": 91.0
        },
        "up": {
            "precision": 0.9195402298850575,
            "recall": 0.9302325581395349,
            "f1-score": 0.9248554913294798,
            "support": 86.0
        },
        "accuracy": 0.8576923076923076,
        "macro avg": {
            "precision": 0.8574764918236442,
            "recall": 0.8600135271471779,
            "f1-score": 0.8579640120599926,
            "support": 260.0
        },
        "weighted avg": {
            "precision": 0.857083445096812,
            "recall": 0.8576923076923076,
            "f1-score": 0.8566006804057618,
            "support": 260.0
        }
    },
    "confusion_matrix_last_fold": [
        [
            80,
            0,
            6
        ],
        [
            0,
            74,
            9
        ],
        [
            7,
            15,
            69
        ]
    ],
    "feature_importance": [
        [
            "MA_3_dev",
            1.2434497875801752e-15
        ],
        [
            "Return_lag1",
            3.2566542055671266e-16
        ],
        [
            "neg_ewm3",
            3.2196467714129534e-16
        ],
        [
            "pos_ewm3",
            3.1410059738353386e-16
        ],
        [
            "Return_lag5",
            3.0716170347962664e-16
        ],
        [
            "neu_roll3",
            2.340720210251372e-16
        ],
        [
            "pos_roll3",
            2.1140496760570686e-16
        ],
        [
            "compound_ewm3",
            1.9613940101711096e-16
        ],
        [
            "Volatility_5",
            1.0177044392397265e-16
        ],
        [
            "compound_roll3",
            7.031412489292659e-17
        ],
        [
            "neg_roll3",
            4.625929269271485e-17
        ],
        [
            "neg_diff",
            -1.1102230246251546e-17
        ],
        [
            "VolumeChange",
            -2.405483220021172e-17
        ],
        [
            "Return_lag2",
            -3.145631903104609e-17
        ],
        [
            "neu_diff",
            -1.4525417905512462e-16
        ],
        [
            "Volatility",
            -1.4802973661668753e-16
        ],
        [
            "BB_z",
            -1.4930186716573717e-16
        ],
        [
            "RSI_14",
            -1.573972433869623e-16
        ],
        [
            "compound_diff",
            -1.9637069748057457e-16
        ],
        [
            "compound_surge",
            -2.73276771582213e-16
        ],
        [
            "MA_14_dev",
            -3.462508058049707e-16
        ],
        [
            "MA_7_dev",
            -3.552713678800501e-16
        ],
        [
            "pos_diff",
            -3.885780586188048e-16
        ],
        [
            "neu_ewm3",
            -4.186465988690694e-16
        ],
        [
            "Return_lag3",
            -5.282811225508037e-16
        ]
    ]
}