{
    "status": "success",
    "model": "Multinomial Logistic Regression",
    "threshold": 0.05,
    "lag": 0,
    "accuracy": 0.6197183098591549,
    "report": {
        "down": {
            "precision": 0.542016806722689,
            "recall": 0.5352697095435685,
            "f1-score": 0.5386221294363257,
            "support": 241.0
        },
        "neutral": {
            "precision": 0.7041800643086816,
            "recall": 0.8795180722891566,
            "f1-score": 0.7821428571428571,
            "support": 249.0
        },
        "up": {
            "precision": 0.5714285714285714,
            "recall": 0.41818181818181815,
            "f1-score": 0.48293963254593175,
            "support": 220.0
        },
        "accuracy": 0.6197183098591549,
        "macro avg": {
            "precision": 0.6058751474866474,
            "recall": 0.6109898666715144,
            "f1-score": 0.6012348730417049,
            "support": 710.0
        },
        "weighted avg": {
            "precision": 0.608001650911712,
            "recall": 0.6197183098591549,
            "f1-score": 0.6067721461730012,
            "support": 710.0
        }
    },
    "rows": 1564,
    "features_used": [
        "positive",
        "negative",
        "neutral",
        "VolumeChange",
        "Volatility",
        "MA_3",
        "Volatility_5"
    ],
    "class_distribution_before": {
        "neutral": 1183,
        "up": 191,
        "down": 190
    },
    "class_distribution_after": {
        "neutral": 1183,
        "up": 1183,
        "down": 1183
    },
    "result_file": "/Users/febrisutomo/Dev/analisis-dogecoin/data/logistic_regression_results.csv"
}